1.00,"John F Kennedy Assassination",1963-11-22 0:00:00,"Political","1960"
2.00,"North Vietnam Peace Agreement",1973-01-27 0:00:00,"War","1970"
3.00,"Robert Kennedy Assassination",1968-06-06 0:00:00,"Political","1960"
4.00,"Martin Luther King, Jr. Assassination",1968-04-04 0:00:00,"Political","1960"
5.00,"World Trade Center",2001-09-11 0:00:00,"Terrorism","2000"
6.00,"Challenger shuttle explodes 73 seconds after liftoff",1986-01-28 0:00:00,"Space","1980"
7.00,"Pearl Harbor",1941-12-07 0:00:00,"War","1940"
8.00,"""Casablanca"" premieres",1942-11-26 0:00:00,"Entertainment","1940"
11.00,"George Wallace shot",1972-05-15 0:00:00,"Political","1970"
12.00,"President Richard Nixon resigned",1974-08-09 0:00:00,"Political","1970"
13.00,"Woodstock concert begins",1969-08-15 0:00:00,"Entertainment","1960"
14.00,"Stonewall riot in New York",1969-06-28 0:00:00,"News","1960"
15.00,"Chappaquiddick",1969-07-18 0:00:00,"News","1960"
16.00,"Train wreck near Nashville kills 101 people",1918-07-09 0:00:00,"Disaster","1910"
17.00,"Apollo 1 flash fire kills three astronauts: Chaffee, Grissom & White",1967-01-27 0:00:00,"Space","1960"
20.00,"Kansas City Hyatt Regency walkway collapses, 113 killed",1981-07-18 0:00:00,"News","1980"
21.00,"Coconut Grove nightclub fire kills 491",1942-11-28 0:00:00,"Disaster","1940"
22.00,"Charles Schultz introduces Peanuts",1950-01-01 0:00:00,"News","1950"
23.00,"Little Rock Nine",1957-09-24 0:00:00,"Civil Rights","1950"
24.00,"Yul Brenner first appears in the King and I",1951-03-29 0:00:00,"Entertainment","1950"
25.00,"Rosenbergs executed",1953-06-19 0:00:00,"News","1950"
26.00,"Dalai Lama escapes to India",1959-03-31 0:00:00,"News","1950"
27.00,"John Glenn orbits Earth",1962-02-20 0:00:00,"Space","1960"
28.00,"""I Have A Dream Speech""",1963-08-28 0:00:00,"Civil Rights","1960"
29.00,"First artificial heart implant",1963-04-21 0:00:00,"Medical","1960"
30.00,"Nelson Mandela sentenced to life imprisonment",1964-06-11 0:00:00,"Political","1960"
31.00,"John Lennon murdered",1980-12-08 0:00:00,"Crime","1980"
32.00,"Walt Disney dies at age 65",1966-12-15 0:00:00,"Obituary","1960"
33.00,"Thurgood Marshall becomes Supreme Court Justice",1967-10-02 0:00:00,"News","1960"
34.00,"My Lai massacre",1968-03-16 0:00:00,"War","1960"
35.00,"Kent State",1970-05-04 0:00:00,"War","1970"
36.00,"Jimi Hendrix dies at age 27",1970-09-18 0:00:00,"Obituary","1970"
37.00,"Watergate break-in",1972-06-17 0:00:00,"Political","1970"
39.00,"Jimmy Carter elected President",1976-11-02 0:00:00,"Political","1970"
40.00,"Elvis Presley dies at age 42",1977-08-16 0:00:00,"Obituary","1970"
41.00,"Jonestown mass suicides",1978-11-18 0:00:00,"News","1970"
42.00,"Ronald Reagan elected President",1980-11-04 0:00:00,"Political","1980"
43.00,"Anwar el-Sadat assassinated",1981-10-06 0:00:00,"Political","1980"
44.00,"President Reagan shot",1981-03-30 0:00:00,"Crime","1980"
45.00,"John Belushi, 33,  dies of heroin overdose",1982-03-05 0:00:00,"Obituary","1980"
46.00,"Crack cocaine developed in Bahamas",1983-01-01 0:00:00,"News","1980"
47.00,"Indira Ghandi assassinated",1984-10-31 0:00:00,"Political","1980"
48.00,"Rock Hudson dies of AIDS at age 59",1985-10-02 0:00:00,"Obituary","1980"
49.00,"Mother delivers first test-tube baby",1978-07-25 0:00:00,"Medical","1970"
51.00,"AIDS virus identified",1983-01-01 0:00:00,"Medical","1980"
52.00,"Chernobyl nuclear plant explodes",1986-04-26 0:00:00,"Disaster","1980"
53.00,"Berlin Wall falls",1989-11-09 0:00:00,"News","1980"
54.00,"Yitzhak Rabin Assassinated",1995-11-04 0:00:00,"Political","1990"
55.00,"Soviet Yuri Gagarin becomes first human in space",1961-04-12 0:00:00,"Space","1960"
56.00,"Nelson Mandela released from prison after 27 years",1990-02-11 0:00:00,"Political","1990"
57.00,"San Francisco earthquake",1989-10-17 0:00:00,"Disaster","1980"
58.00,"Mt. St. Helens eruption",1980-05-18 0:00:00,"Disaster","1980"
59.00,"Oklahoma bombing kills 168 and injured more than 680",1995-04-19 0:00:00,"Terrorism","1990"
60.00,"San Francisco earthquake",1906-04-18 0:00:00,"Disaster","1900"
61.00,"Wright Brothers flight",1903-12-17 0:00:00,"News","1900"
62.00,"Rosa Parks refuses to give up her seat",1955-12-01 0:00:00,"Civil Rights","1950"
63.00,"St. Valentine's Day massacre",1929-02-14 0:00:00,"Crime","1920"
64.00,"First jazz recording made",1917-02-26 0:00:00,"Entertainment","1910"
65.00,"Billie Holiday dies at age 44",1959-07-17 0:00:00,"Obituary","1950"
66.00,"155,000 Allied troops launch Normandy invasion: D-Day",1944-06-06 0:00:00,"War","1940"
67.00,"""A Charlie Brown Christmas"" premieres",1965-12-09 0:00:00,"Entertainment","1960"
68.00,"Florence Griffith Joyner dies at age 38",1998-09-21 0:00:00,"Obituary","1990"
70.00,"Exxon Valdez oil spill",1989-03-24 0:00:00,"Environment","1980"
71.00,"Wilma Rudolph dies at age 54",1994-11-12 0:00:00,"Obituary","1990"
73.00,"Ali vs. Foreman in Zaire",1974-10-30 0:00:00,"Sports","1970"
74.00,"Packers beat the Chiefs (35-10) in first Super Bowl game",1967-01-15 0:00:00,"Sports","1960"
75.00,"First Academy Awards",1929-05-16 0:00:00,"Entertainment","1920"
77.00,"Fall of the Shah of Iran",1979-01-16 0:00:00,"Political","1970"
78.00,"""Bonanza"" aired last episode after 14 years",1973-01-16 0:00:00,"Entertainment","1970"
79.00,"First automobile assembly line",1914-01-14 0:00:00,"Automotive","1910"
80.00,"""Today Show"" has first broadcast",1952-01-14 0:00:00,"Entertainment","1950"
81.00,"""Snow White & the Seven Dwarfs"" premieres in NY",1938-01-14 0:00:00,"Entertainment","1930"
82.00,"Surgeon General first reports that cigarettes are health hazard",1964-01-11 0:00:00,"Medical","1960"
83.00,"Marion Anderson first African-American to sing at Metropolitan Opera",1955-01-07 0:00:00,"Civil Rights","1950"
84.00,"Harlem Globetrotters play first game",1927-01-07 0:00:00,"Entertainment","1920"
85.00,"Ralph Bunch first Black official appointed to State Department",1944-01-04 0:00:00,"Civil Rights","1940"
86.00,"Castro & Guevara enter Havana in triumph",1959-01-02 0:00:00,"Political","1950"
87.00,"Becomes illegal to advertise cigarettes on radio or TV",1972-01-01 0:00:00,"News","1970"
88.00,"Patty Hearst kidnapped by Symbonese Liberation Army",1974-02-04 0:00:00,"Crime","1970"
89.00,"Beatles arrive in America",1964-02-07 0:00:00,"Entertainment","1960"
90.00,"US begins bombing Vietnam",1965-02-07 0:00:00,"War","1960"
91.00,"Major California Sylmar 6.5 earthquake kills 65 in San Fernando Valley",1971-02-09 0:00:00,"Disaster","1970"
92.00,"First computer, ENIAC, goes into operation",1946-02-15 0:00:00,"Technology","1940"
93.00,"Fidel Castro becomes Prime Minister of Cuba",1959-02-16 0:00:00,"Political","1950"
94.00,"1,000 Japanese soldiers devoured by crocodiles in Bay of Bengal.",1945-02-19 0:00:00,"War","1940"
95.00,"Extinction of Carolina parakeet; last one dies in Cincinnati Zoo",1918-02-21 0:00:00,"News","1910"
96.00,"Army captain charged with My Lai war crimes",1970-03-10 0:00:00,"War","1970"
97.00,"Dr. David Gunn is murdered by an anti-abortion activist",1993-03-10 0:00:00,"Political","1990"
98.00,"Tokyo subways are attacked with Sarin gas",1995-03-20 0:00:00,"Terrorism","1990"
99.00,"Alcatraz closes its doors",1963-03-21 0:00:00,"News","1960"
100.00,"Bikini introduced",1946-07-05 0:00:00,"News","1940"
101.00,"Mahatma Gandhi murdered",1948-01-31 0:00:00,"Political","1940"
102.00,"War breaks out in Korea",1950-06-25 0:00:00,"War","1950"
103.00,"Birmingham's Sixteenth Street Baptist Church bombed",1963-09-15 0:00:00,"Civil Rights","1960"
104.00,"Kennedy/Nixon presidential debate",1960-09-26 0:00:00,"Political","1960"
105.00,"Abergan coal mine's slag heap buries school and kills 116 children",1966-10-21 0:00:00,"Disaster","1960"
106.00,"Ground troops leave VietNam",1972-08-12 0:00:00,"War","1970"
107.00,"Patty Hearst involved in robbery with SLA",1974-04-15 0:00:00,"Crime","1970"
108.00,"Two jumbo jets collide in Canary Islands at Tenerife airport",1977-03-27 0:00:00,"Disaster","1970"
109.00,"Mass graves, 2000 skeletons, found in northeast Cambodia",1979-04-02 0:00:00,"News","1970"
110.00,"Frank Sinatra, Jr. kidnapped",1963-12-08 0:00:00,"Crime","1960"
111.00,"Mother Teresa wins Nobel Peace Prize",1979-12-10 0:00:00,"News","1970"
112.00,"Who shot J.R.? Finally revealed",1980-11-19 0:00:00,"Entertainment","1980"
113.00,"VietNam Veterans Memorial dedicated",1982-11-13 0:00:00,"War","1980"
114.00,"Bishop TuTu wins Nobel Peace Prize",1984-12-10 0:00:00,"News","1980"
115.00,"Announced identification of the AIDS virus",1984-04-23 0:00:00,"Medical","1980"
116.00,"Titanic wreck found",1985-09-03 0:00:00,"News","1980"
117.00,"""Black Monday"" on the stock market",1987-10-19 0:00:00,"News","1980"
118.00,"Turin Shroud declared fake",1988-10-13 0:00:00,"News","1980"
119.00,"Pan Am jumbo jet exploded over Lockerbie",1988-12-22 0:00:00,"Disaster","1980"
120.00,"Tiananmem Square mass demonstrations",1989-06-09 0:00:00,"Political","1980"
121.00,"Bomb exploded in World Trade Center underground parking lot",1993-02-26 0:00:00,"Terrorism","1990"
122.00,"Diana, Princess of Wales, dies at age 36",1997-08-31 0:00:00,"Obituary","1990"
123.00,"Tiger Woods is the youngest winner of the Masters golf tournament at age 21",1997-04-13 0:00:00,"Sports","1990"
124.00,"Mother Teresa dies at age 87",1997-09-05 0:00:00,"Obituary","1990"
125.00,"Medgar Evers assassinated",1963-06-12 0:00:00,"Civil Rights","1960"
126.00,"Martin Luther King, Jr. wins Nobel Peace Prize",1964-12-20 0:00:00,"News","1960"
127.00,"Malcolm X murdered",1965-02-21 0:00:00,"Crime","1960"
128.00,"Rioting begins in Watts and continues for six days",1965-08-11 0:00:00,"News","1960"
129.00,"Bloody Sunday",1965-03-07 0:00:00,"Civil Rights","1960"
131.00,"Solar eclipse proves Einstein's theory of relativity accurate",1919-03-29 0:00:00,"News","1910"
132.00,"23rd amendment ratified allowing residents of Washington DC to vote",1961-03-29 0:00:00,"News","1960"
133.00,"Daylight savings time begins in America to conserve fuel",1918-03-31 0:00:00,"News","1910"
134.00,"Ford introduces the V8 engine",1932-03-31 0:00:00,"Automotive","1930"
135.00,"Opium imports banned in America",1909-04-01 0:00:00,"News","1900"
136.00,"1.5 million Americans die in killer flu outbreak; 20 million die in world",1918-04-01 0:00:00,"Medical","1910"
137.00,"Battle of Okinawa begins",1945-04-01 0:00:00,"War","1940"
138.00,"""Dallas"" primetime soap opera premieres on CBS",1978-04-02 0:00:00,"Entertainment","1970"
139.00,"Rosenbergs sentenced to die for spying",1951-04-05 0:00:00,"Crime","1950"
140.00,"Winston Churchill resigned",1955-04-05 0:00:00,"Political","1950"
141.00,"Henry Aaron sets new home run record",1974-04-08 0:00:00,"Sports","1970"
142.00,"Marian Anderson sings at Lincoln Memorial",1939-04-09 0:00:00,"Civil Rights","1930"
143.00,"""Chicago Eight"" plead not guilty",1969-04-09 0:00:00,"War","1960"
144.00,"Paul McCartney announces the end of the Beatles",1970-04-10 0:00:00,"Entertainment","1970"
145.00,"Emiliano Zapata, leader of Mexican Revolution, assassinated",1919-04-10 0:00:00,"Political","1910"
146.00,"Bataan Death March begins",1942-04-10 0:00:00,"War","1940"
148.00,"First Earth Day celebrated",1970-04-22 0:00:00,"Environment","1970"
149.00,"Charles de Gaulle resigns as president of France",1969-04-28 0:00:00,"Political","1960"
150.00,"""Gone with the Wind"" wins Pulitzer Prize",1937-05-03 0:00:00,"Literary","1930"
152.00,"Nelson Mandela inaugurated",1994-05-10 0:00:00,"Political","1990"
153.00,"Pope John Paul II shot",1981-05-13 0:00:00,"Crime","1980"
154.00,"Smothers Brothers variety show premieres",1964-05-15 0:00:00,"Entertainment","1960"
155.00,"Wardrobe malfunction at Super Bowl half-time",2004-02-01 0:00:00,"Entertainment","2000"
157.00,"John Scopes arrested in TN for teaching ""evolution"" in public high school",1925-05-05 0:00:00,"News","1920"
158.00,"Golden Gate Bridge opens to pedestrian traffic",1937-05-27 0:00:00,"News","1930"
159.00,"First woman wins the Iditarod",1985-03-20 0:00:00,"Sports","1980"
160.00,"Britain's Roger Bannister breaks 4-minute mile with 3:59.4",1954-05-06 0:00:00,"Sports","1950"
161.00,"Mark Twain dies at age 74",1910-04-21 0:00:00,"Obituary","1910"
163.00,"JR Ewing shot",1980-03-21 0:00:00,"Entertainment","1980"
164.00,"Howard Keel dies of colon cancer at age 85",2004-11-07 0:00:00,"Obituary","2000"
165.00,"Model-A Ford discontinued",1931-12-07 0:00:00,"Automotive","1930"
166.00,"Six killed and 19 injured in commuter train shooting spree",1993-12-07 0:00:00,"Crime","1990"
167.00,"""National Velvet"" premieres",1944-12-14 0:00:00,"Entertainment","1940"
168.00,"First Susan B Anthony dollar issued",1978-12-13 0:00:00,"News","1970"
169.00,"Steven Spielberg born",1946-12-18 0:00:00,"Entertainment","1940"
170.00,"USSR expelled from the League of Nations",1939-12-14 0:00:00,"News","1930"
171.00,"Kwanzaa first celebrated",1966-12-26 0:00:00,"News","1960"
172.00,"South Asia earthquake",2004-12-26 0:00:00,"Disaster","2000"
173.00,"Shirley Chisholm dies at age 80",2005-01-01 0:00:00,"Obituary","2000"
174.00,"Barack Obama accepts Democratic nomination for presidency",2008-08-28 0:00:00,"Political","2000"
176.00,"Beatles play their final live concert",1966-08-29 0:00:00,"Entertainment","1960"
177.00,"Dr. Christiaan Barnard performs first heart transplant operation",1967-12-03 0:00:00,"Medical","1960"
178.00,"United States joins the United Nations",1945-12-04 0:00:00,"News","1940"
179.00,"President Kennedy creates the Peace Corps",1961-03-01 0:00:00,"News","1960"
180.00,"Alaska became 49th state",1959-01-03 0:00:00,"News","1950"
181.00,"Nancy Pelosi elected first female Speaker of the House",2007-01-04 0:00:00,"Political","2000"
182.00,"The Seeing Eye organization starts in Nashville",1929-01-09 0:00:00,"News","1920"
183.00,"RCA announces the 45-rpm record",1949-01-10 0:00:00,"News","1940"
184.00,"Dame Agatha Christie dies at age 85",1976-01-12 0:00:00,"Obituary","1970"
185.00,"Prohibition goes into effect",1919-01-16 0:00:00,"News","1910"
186.00,"American hostages released from Iran after 444 days",1981-01-20 0:00:00,"News","1980"
189.00,"Winston Churchill dies at age 90",1965-01-24 0:00:00,"Obituary","1960"
190.00,"Portland, OR, has the first female police chief of a major American city",1985-01-24 0:00:00,"News","1980"
191.00,"Michael Phelps won record breaking eighth gold medal",2008-08-17 0:00:00,"Sports","2000"
192.00,"Paul Newman dies of lung cancer at age 83",2008-09-26 0:00:00,"Obituary","2000"
193.00,"Charlton Heston dies at age 85",2008-04-05 0:00:00,"Obituary","2000"
194.00,"Coretta Scott King dies at age 79",2006-01-30 0:00:00,"Obituary","2000"
195.00,"Janet Reno appointed first female US attorney general",1993-02-11 0:00:00,"News","1990"
196.00,"Charles Schulz, Peanut creator, dies at age 77",2000-02-12 0:00:00,"Obituary","2000"
197.00,"Rolling Stones make first appearance on Ed Sullivan show",1964-10-25 0:00:00,"Entertainment","1960"
198.00,"Disney's ""Cinderella"" released",1950-02-15 0:00:00,"Entertainment","1950"
199.00,"Sonny Bono dies, from injuries sustained in skiing accident, at age 63",1998-01-05 0:00:00,"Obituary","1990"
200.00,"Pope John Paul II dies at age 74",2005-04-02 0:00:00,"Obituary","2000"
201.00,"Final Harry Potter book published",2007-07-21 0:00:00,"Literary","2000"
202.00,"Final night of the ""Roots"" mini series",1977-01-30 0:00:00,"Entertainment","1970"
203.00,"""Dark Shadows"", a gothic soap opera, premieres",1966-06-27 0:00:00,"Entertainment","1960"
204.00,"Category 3 hurricane Katrina makes landfall",2005-08-29 0:00:00,"Disaster","2000"
205.00,"Category 4 hurricane Hugo makes South Carolina landfall",1989-09-22 0:00:00,"Disaster","1980"
206.00,"Indian Ocean tsunami killed more than 225,000 people",2004-12-24 0:00:00,"Disaster","2000"
208.00,"University of Texas at Austin massacre, 17 people dead",1966-08-01 0:00:00,"Massacre","1960"
209.00,"Amish school shooting, six people dead",2006-10-02 0:00:00,"Massacre","2000"
210.00,"Cassius Clay wins world heavyweight boxing title by beating Liston",1964-02-25 0:00:00,"Sports","1960"
211.00,"Ronald Reagan, 40th president, dies at age 93",2004-06-05 0:00:00,"Obituary","2000"
212.00,"Mel Blanc dies at age 80",1989-07-10 0:00:00,"Obituary","1980"
213.00,"First Twilight saga book published",2005-10-05 0:00:00,"Literary","2000"
214.00,"Rita Moreno, first Hispanic woman to win Oscar",1962-04-09 0:00:00,"Entertainment","1960"
215.00,"Category 5 hurricane Andrew makes Florida landfall",1992-08-24 0:00:00,"Disaster","1990"
216.00,"Nineteenth Amendment ratified giving women the right to vote",1920-08-18 0:00:00,"Civil Rights","1920"
217.00,"""Wizard of Oz"" premieres",1939-08-25 0:00:00,"Entertainment","1930"
218.00,"John Ritter dies at age 54",2003-09-11 0:00:00,"Obituary","2000"
219.00,"Isaac Hayes wins Oscar for Best Original Song, ""Shaft""",1972-04-10 0:00:00,"Entertainment","1970"
220.00,"Columbine High School massacre, 13 killed",1999-04-20 0:00:00,"Massacre","1990"
221.00,"Last episode of ""The Cosby Show"" airs",1992-04-30 0:00:00,"Entertainment","1990"
222.00,"""Saturday Night Live"" premieres",1975-10-11 0:00:00,"Entertainment","1970"
223.00,"""High School Musical"" premieres",2006-01-20 0:00:00,"Entertainment","2000"
224.00,"Lizzie Magie receives patent for a board game which evolved into Monopoly",1904-01-05 0:00:00,"News","1900"
225.00,"Lizzie Borden allegedly kills her parents in Massachusetts",1892-08-04 0:00:00,"Crime","1890"
226.00,"First Macy's Thanksgiving Day parade",1924-11-27 0:00:00,"News","1920"
227.00,"Nelson Mandela shares Nobel Peace prize with Frederik de Klerk",1993-12-10 0:00:00,"Political","1990"
228.00,"Barack Obama's inauguration as 44th President of the United States",2009-01-20 0:00:00,"Political","2000"
229.00,"Michael Jackson dies at age 50",2009-06-25 0:00:00,"Obituary","2000"
230.00,"Henry Gibson dies at age 73",2009-09-14 0:00:00,"Obituary","2000"
231.00,"Senator Edward M. Kennedy dies at age 77",2009-08-25 0:00:00,"Obituary","2000"
232.00,"Walter Cronkite dies at age 92",2009-07-17 0:00:00,"Obituary","2000"
233.00,"Farrah Fawcet dies at age 62",2009-06-25 0:00:00,"Obituary","2000"
234.00,"Patrick Swayze dies at age 57",2009-09-14 0:00:00,"Obituary","2000"
235.00,"Roman Polanski arrested on 1978 warrant",2009-09-26 0:00:00,"Crime","2000"
236.00,"Pittsburgh Steelers win Super Bowl XLIII",2009-02-01 0:00:00,"Sports","2000"
237.00,"US Airways flight 1549 lands safely in the Hudson River",2009-01-15 0:00:00,"News","2000"
238.00,"Air France flight 447 crashes in Atlantic Ocean killing all 228 occupants",2009-06-01 0:00:00,"News","2000"
239.00,"Earthquake in the Sichaun province of China kills at least 68,000",2008-05-12 0:00:00,"Disaster","2000"
240.00,"Dan Brown's third Langdon book, ""The Lost Symbol"", published",2009-09-15 0:00:00,"Literary","2000"
241.00,"John ""Dizzy"" Gillespie dies at age 75",1993-01-06 0:00:00,"Obituary","1990"
242.00,"Nashville's evening paper, ""Nashville Banner"", ceases publication",1998-02-20 0:00:00,"News","1990"
243.00,"The Tennessean's first issue published",1907-05-12 0:00:00,"News","1900"
244.00,"Eartha Kitt dies at the age of 81",2008-12-25 0:00:00,"Obituary","2000"
245.00,"""Gone With the Wind"" premieres",1939-12-15 0:00:00,"Entertainment","1930"
246.00,"""March of the Wooden Soldiers"" premieres",1934-11-12 0:00:00,"Entertainment","1930"
247.00,"""The Women"" premieres",1939-09-01 0:00:00,"Entertainment","1930"
248.00,"""The Blob"" premieres",1958-09-12 0:00:00,"Entertainment","1950"
249.00,"""The Day the Earth Stood Still"" premieres",1951-09-18 0:00:00,"Entertainment","1950"
250.00,"""Dracula"" premieres",1931-02-14 0:00:00,"Entertainment","1930"
251.00,"""Wolfman"" premieres",1941-12-12 0:00:00,"Entertainment","1940"
252.00,"""Frankenstein"" premieres",1931-11-12 0:00:00,"Entertainment","1930"
253.00,"World Trade Center groundbreaking ceremony",1966-08-05 0:00:00,"Architecture","1960"
254.00,"""Avatar"" breaks US box office record",2010-02-08 0:00:00,"Entertainment","2010"
256.00,"Pernell Roberts dies at the age of 81",2010-01-24 0:00:00,"Obituary","2010"
257.00,"Teddy Pendergrass dies from colon cancer at the age of 59",2010-01-13 0:00:00,"Obituary","2010"
258.00,"Tony Curtis dies from cardiac arrest at age 85",2010-09-29 0:00:00,"Obituary","2010"
260.00,"Dixie Carter dies of endometrial cancer at age 70",2010-04-10 0:00:00,"Obituary","2010"
261.00,"Rue McClanahan dies of stroke at age 76",2010-06-03 0:00:00,"Obituary","2010"
262.00,"Kevin McCarthy dies of pneumonia at age 96",2010-09-11 0:00:00,"Obituary","2010"
263.00,"Gary Coleman dies of brain hemorrhage at age 42",2010-05-28 0:00:00,"Obituary","2010"
264.00,"7.0 magnitude earthquake strikes Haiti, more than 200,000 dead",2010-01-12 0:00:00,"Disaster","2010"
265.00,"8.8 magnitude earthquake strikes Chile, more than 800 dead",2010-02-27 0:00:00,"Disaster","2010"
266.00,"Washington DC legalizes gay marriage",2010-03-03 0:00:00,"News","2010"
267.00,"US combat mission in Iraq ends",2010-08-31 0:00:00,"War","2010"
268.00,"""Avatar"" premieres",2009-12-18 0:00:00,"Entertainment","2000"
269.00,"""The Godfather"" premieres",1972-03-24 0:00:00,"Entertainment","1970"
270.00,"""Harry Potter & Deathly Hallows"", part 1, premieres",2010-11-19 0:00:00,"Entertainment","2010"
271.00,"Grand Ole Opry reopens after flood",2010-09-28 0:00:00,"News","2010"
272.00,"Nashville's historic flood",2010-05-02 0:00:00,"Disaster","2010"
273.00,"BP Oil rig explodes off Louisiana gulf coast",2010-04-20 0:00:00,"Disaster","2010"
274.00,"New Orleans Saints win Superbowl",2010-02-07 0:00:00,"Sports","2010"
275.00,"Spain wins their first World Cup",2010-07-11 0:00:00,"Sports","2010"
276.00,"Johnny Cash dies of diabetes complications at age 71",2003-09-12 0:00:00,"Obituary","2000"
277.00,"33 Chilean miners rescued after more than two months underground",2010-10-14 0:00:00,"Disaster","2010"
278.00,"Tom Bosley dies of lung cancer at age 83",2010-10-19 0:00:00,"Obituary","2010"
279.00,"Bill Haslam elected governor of Tennessee",2010-11-02 0:00:00,"News","2010"
280.00,"Opryland Hotel reopens after flood",2010-11-15 0:00:00,"News","2010"
281.00,"Elizabeth Edwards dies of breast cancer at age 61",2010-12-07 0:00:00,"Obituary","2010"
282.00,"Elizabeth Smart's kidnapper found guilty",2010-12-10 0:00:00,"News","2010"
283.00,"Egyptian President Hosni Mubarak resigns, ending 30-year-reign",2011-02-11 0:00:00,"Political","2010"
284.00,"Green Bay Packers defeat Steelers in Super Bowl XLV",2011-02-06 0:00:00,"Sports","2010"
285.00,"Major earthquake hits New Zealand",2011-02-21 0:00:00,"Disaster","2010"
286.00,"Major earthquake hits Japan",2011-03-11 0:00:00,"Disaster","2010"
287.00,"Elizabeth Taylor dies of congestive heart failure at age 79",2011-03-23 0:00:00,"Obituary","2010"
288.00,"Osama bin Laden killed",2011-05-01 0:00:00,"News","2010"
289.00,"Final Harry Potter movie, ""Harry Potter & the Deathly Hallows, 2""  premieres",2011-07-15 0:00:00,"Entertainment","2010"
290.00,"Hurricane Irene lands on the coast",2011-08-26 0:00:00,"News","2010"
291.00,"Retired TN Supreme Court Justice, A. A. Birch dies of cancer at age 78",2011-08-25 0:00:00,"Obituary","2010"
292.00,"Cliff Robertson dies at age 88 (the day after his birthday)",2011-09-10 0:00:00,"Obituary","2010"
293.00,"Steve Jobs dies of pancreatic cancer at age 56",2011-10-05 0:00:00,"Obituary","2010"
294.00,"Al Davis, Oakland Raiders owner, dies at age 82",2011-10-08 0:00:00,"Obituary","2010"
295.00,"Nashville State Technical Institute becomes comprehensive community college",2002-07-01 0:00:00,"News","2000"
296.00,"New York legalizes gay marriage",2011-06-24 0:00:00,"News","2010"
297.00,"56 exotic animals released  -- 6 captured and 48 put down in Zanesville, OH",2011-10-18 0:00:00,"News","2010"
298.00,"Dan Wheldon dies at age 33 after fiery crash at Las Vegas Indy 300",2011-10-16 0:00:00,"Obituary","2010"
299.00,"iPod unveiled",2001-10-23 0:00:00,"Technology","2000"
300.00,"iTunes Music Store opens",2003-04-28 0:00:00,"Technology","2000"
301.00,"Google released",1996-08-01 0:00:00,"Technology","1990"
302.00,"Bing released",2009-05-28 0:00:00,"Technology","2000"
303.00,"FireFox browser released",2004-11-09 0:00:00,"Technology","2000"
304.00,"iPad announced",2010-01-27 0:00:00,"Technology","2010"
305.00,"Safari browser released",2003-01-07 0:00:00,"Technology","2000"
306.00,"iTouch unveiled",2007-09-05 0:00:00,"Technology","2000"
307.00,"Opera browser released",1996-12-09 0:00:00,"Technology","1990"
308.00,"Yahoo released",1995-03-01 0:00:00,"Technology","1990"
309.00,"Windows operating system introduced",1985-11-20 0:00:00,"Technology","1980"
310.00,"Dr. Conrad Murray convicted of involuntary manslaughter of Michael Jackson",2011-11-07 0:00:00,"Crime","2010"
311.00,"Joe Frazier, former heavyweight champ, dies of liver cancer at age 67",2011-11-07 0:00:00,"Obituary","2010"
312.00,"FAMU drum major, Robert Champion, dies after being hazed on a bus",2011-11-19 0:00:00,"News","2010"
313.00,"Aurora, CO killing spree results in 12 dead and 58 injured",2012-07-20 0:00:00,"Massacre","2010"
314.00,"Michael Clarke Duncan, 54, dies from respiratory failure",2012-09-03 0:00:00,"Obituary","2010"
315.00,"Dick Clark, 82, dies after cardiac arrest",2012-04-18 0:00:00,"Obituary","2010"
316.00,"Facebook, Inc. becomes publicly traded company",2012-05-18 0:00:00,"News","2010"
317.00,"XXX Olympiad opens in London, England",2012-07-27 0:00:00,"Sports","2010"
318.00,"Science Fiction author, Ray Bradbury, dies at age 91",2012-06-06 0:00:00,"Obituary","2010"
319.00,"Astronaut Neil Armstrong dies at age 82",2012-08-26 0:00:00,"Obituary","2010"
320.00,"New York Giants win XLVI Super Bowl",2012-02-05 0:00:00,"Sports","2010"
321.00,"iPhone 5 released",2012-09-21 0:00:00,"Technology","2010"
322.00,"Andy Williams, 84. dies from bladder cancer",2012-09-25 0:00:00,"Obituary","2010"
323.00,"""To Kill A Mockingbird"" published",1960-01-01 0:00:00,"Literary","1960"
324.00,"""The Godfather"" published",1969-03-10 0:00:00,"Literary","1960"
326.00,"66th Academy Awards - Best Picture winner, ""Schindler's List""",1993-03-29 0:00:00,"Entertainment","1990"
327.00,"Hurricane Sandy landed on south New Jersey shore at 8 pm EDT",2012-10-29 0:00:00,"Weather","2010"
328.00,"San Francisco Giants swept Detroit Tigers to win World Series",2012-10-28 0:00:00,"Sports","2010"
329.00,"iPad Mini released",2012-11-02 0:00:00,"Technology","2010"
330.00,"Denzel Washington's ""Flight"" premieres",2012-11-02 0:00:00,"Entertainment","2010"
331.00,"Larry Hagman, 81, dies from throat cancer",2012-11-23 0:00:00,"Obituary","2010"
332.00,"Roger Ebert, film critic, dies from cancer at age 70",2013-04-04 0:00:00,"Obituary","2010"
333.00,"85th Academy Awards - Best Picture winner, ""Argo""",2013-02-24 0:00:00,"Entertainment","2010"
335.00,"Former Prime Minister Margaret Thatcher dies at age 87",2013-04-08 0:00:00,"Obituary","2010"
336.00,"Annette Funicello dies at age 70 from complications of multiple sclerosis",2013-04-08 0:00:00,"Obituary","2010"
337.00,"Moore, OK's EF5 tornado kills 23 and injures 377",2013-05-20 0:00:00,"Weather","2010"
338.00,"Boston Marathon bombings",2013-04-15 0:00:00,"Terrorism","2010"
339.00,"First Harry Potter book released in US",1998-09-01 0:00:00,"Literary","1990"
340.00,"Dan Brown's first Langdon book, ""The DaVinci Code"", published",2003-03-18 0:00:00,"Literary","2000"
341.00,"Dan Brown's second Langdon book, ""Angels & Demons"", published",2000-05-02 0:00:00,"Literary","2000"
342.00,"Dan Brown's fourth Langdon book, ""Inferno"", published",2013-05-14 0:00:00,"Literary","2010"
343.00,"Chrome browser released",2008-09-02 0:00:00,"Technology","2000"
344.00,"Final episode of ""The Office"" airs",2013-05-16 0:00:00,"Entertainment","2010"
345.00,"Sandy Hook Elementary massacre casualties: 20 students, 6 staff",2012-12-14 0:00:00,"Massacre","2010"
346.00,"Virginia Tech massacre: 32 killed and 17 wounded",2007-04-16 0:00:00,"Massacre","2000"
347.00,"67th Tony Awards - Best Musical winner, ""Kinky Boots""",2013-06-09 0:00:00,"Entertainment","2010"
348.00,"First Tony Awards held",1947-04-06 0:00:00,"Entertainment","1940"
349.00,"Massacre of 11 members of Israeli Olympic team at Munich Olympics",1972-09-05 0:00:00,"Terrorism","1970"
350.00,"Bath School attacks: 38 school children & six adults killed; 58 wounded;",1927-05-18 0:00:00,"Massacre","1920"
351.00,"Not guilty verdict for George Zimmerman's murder of Treyvon Martin",2013-07-13 0:00:00,"Crime","2010"
352.00,"Apple's iTunes store launches",2008-07-10 0:00:00,"Technology","2000"
353.00,"Marvin Gaye, age 44, murdered by his father",1984-04-01 0:00:00,"Crime","1980"
354.00,"Sam Cooke, age 33, murdered",1964-12-11 0:00:00,"Crime","1960"
355.00,"David ""Stringman"" Akeman and wife murdered",1973-11-10 0:00:00,"Crime","1970"
356.00,"Elizabeth Short, aka ""Black Dahlia"", murdered.  Murder still unsolved.",1947-01-15 0:00:00,"Crime","1940"
357.00,"Sharon Tate, and four others, murdered by the Charles Manson Family",1969-08-08 0:00:00,"Crime","1960"
358.00,"Release of ""An Inconvenient Truth"" documentary",2006-05-24 0:00:00,"Environment","2000"
359.00,"CFCs proven to cause ozone depletion",1974-01-01 0:00:00,"Environment","1970"
360.00,"TVA's Coal Ash disaster in Roane County",2008-12-22 0:00:00,"Environment","2000"
361.00,"Volcanic eruption in Iceland",2010-03-20 0:00:00,"Environment","2000"
362.00,"Ban on leaded gasoline in the US",1986-01-01 0:00:00,"Environment","1980"
363.00,"Yellowstone Park becomes the US's first National Park",1872-03-01 0:00:00,"Environment","1870"
364.00,"World Wildlife Fund founded",1961-04-29 0:00:00,"Environment","1960"
365.00,"Environmental Protection Agency created by President Richard Nixon",1970-12-02 0:00:00,"Environment","1970"
366.00,"Rachel Carson's ""Silent Spring"" published",1962-09-27 0:00:00,"Literary","1960"
367.00,"Charles Dickins' ""A Christmas Carol"" published",1843-12-19 0:00:00,"Literary","1840"
368.00,"Mary Shelley's ""Frankenstein"" published",1818-01-01 0:00:00,"Literary","1810"
369.00,"Harriet Beecher Stowe's ""Uncle Tom's Cabin"" published",1852-03-20 0:00:00,"Literary","1850"
370.00,"Alex Haley's ""Roots"" published",1976-08-17 0:00:00,"Literary","1970"
371.00,"Anne Frank's ""The Diary of a Young Girl"" published",1947-01-01 0:00:00,"Literary","1940"
372.00,"Maya Angelou's ""I Know Why the Caged Bird Sings"" published",1970-01-01 0:00:00,"Literary","1970"
373.00,"A.A. Milne's ""Winnie the Pooh"" published",1926-10-14 0:00:00,"Literary","1920"
374.00,"Sigmund Freud's ""The Interpretation of Dreams"" published",1899-11-04 0:00:00,"Literary","1890"
375.00,"Gabriel Garcia Marquez's ""One Hundred Years of Solitude"" published",1967-01-01 0:00:00,"Literary","1960"
376.00,"Albert Einstein's ""Relativity"" published",1917-01-01 0:00:00,"Literary","1910"
377.00,"The first full face transplant carried out in Spain",2010-03-20 0:00:00,"Medical","2010"
378.00,"Polio vaccine announced to public",1955-04-12 0:00:00,"Medical","1950"
379.00,"World Health Organization announces that Smallpox has been eradicated",1980-05-08 0:00:00,"Medical","1980"
380.00,"Aspirin developed by Felix Hoffman",1899-01-01 0:00:00,"Medical","1890"
381.00,"Dolly the sheep becomes the first mammal to be cloned from an adult cell",1996-07-05 0:00:00,"Medical","1990"
382.00,"The US drops atomic bomb on Hiroshima, Japan",1945-08-06 0:00:00,"War","1940"
383.00,"The US drops atomic bomb on Nagasaki, Japan",1945-08-09 0:00:00,"War","1940"
384.00,"Apple introduces iPhones 5C & 5S",2013-09-10 0:00:00,"Technology","2010"
385.00,"Former heavyweight champion, Ken Norton,  dies at age 70",2013-09-18 0:00:00,"Sports","2010"
386.00,"Internet created (UCLA/Stanford)",1969-10-29 0:00:00,"Technology","1960"
387.00,"Spy novelist, Tom Clancy, dies at age 66",2013-10-01 0:00:00,"Obituary","2010"
388.00,"Former South Africa president, Nelson Mandela, dies at 95",2013-12-05 0:00:00,"Obituary","2010"
389.00,"Seattle Seahawks win Super Bowl XLVIII over Denver Broncos, 43 to 8",2014-02-02 0:00:00,"Sports","2010"
390.00,"Shirley Temple Black dies at age 85",2014-02-10 0:00:00,"Obituary","2010"
391.00,"Actor/director Harold Ramis dies at age 69",2014-02-24 0:00:00,"Obituary","2010"
392.00,"86th Annual Academy Awards - Best Picture winner, ""12 Years a Slave""",2014-03-02 0:00:00,"Entertainment","2010"
393.00,"Mickey Rooney dies at age 93",2014-04-06 0:00:00,"Obituary","2010"
394.00,"Bob Hoskins dies of pneumonia at age 71",2014-04-29 0:00:00,"Obituary","2010"
395.00,"Malaysia Airlines Flight 370 disappears 1 hour after takeoff",2014-03-08 0:00:00,"Mystery","2010"
396.00,"South Korean ferry, Sewol, capsized carrying 476 people",2014-04-16 0:00:00,"Maritime Disaster","2010"
397.00,"Overloaded Senegal ferry, Le Joola, capsized. Estimated death toll 1,864",2002-09-26 0:00:00,"Maritime Disaster","2000"
398.00,"British ocean liner, RMS Titanic, sinks. Estimated death toll 1,517",1912-04-15 0:00:00,"Maritime Disaster","1910"
399.00,"Egyptian ferry, Al Salam Boccaccio 98, sinks.  Estimated death toll 1,020",2006-02-03 0:00:00,"Maritime Disaster","2000"
400.00,"US's paddle steamer, Gen. Slocum, sinks. Estimated death toll > 1,000",1904-06-15 0:00:00,"Maritime Disaster","1910"
401.00,"Maya Angelou dies at age 86",2014-05-28 0:00:00,"Obituary","2010"
402.00,"Ruby Dee dies of natural causes at age 91",2014-06-11 0:00:00,"Obituary","2010"
403.00,"Radio icon Casey Kasem dies at 82",2014-06-15 0:00:00,"Obituary","2010"
404.00,"San Antonio Spurs beat the Miami Heat for 2014 NBA championship",2014-06-15 0:00:00,"Sports","2010"
405.00,"Former Senate Majority Leader, Howard Baker, dies at age 88",2014-06-26 0:00:00,"Obituary","2010"
406.00,"Vanderbilt Baseball wins their first national CWS title",2014-06-25 0:00:00,"Sports","2010"
407.00,"Legendary journalist & political activist John Seigenthaler dies at 86",2014-07-11 0:00:00,"Obituary","2010"
408.00,"Germany wins World Cup against Argentina, 1 - 0",2014-07-13 0:00:00,"Sports","2010"
409.00,"Malyasia Flight 17 shot down by surface-to-air missile - 298 killed",2014-07-17 0:00:00,"War","2010"
410.00,"Rory McIlroy wins British Open",2014-07-20 0:00:00,"Sports","2010"
411.00,"Emmy winner, Oscar nominated James Garner dies at age 86",2014-07-19 0:00:00,"Obituary","2010"
412.00,"Oscar, Emmy, Golden Globe winner Robin Williams dies at age 63",2014-08-11 0:00:00,"Obituary","2010"
413.00,"Screen legend Lauren Bacall dies at age 89",2014-08-12 0:00:00,"Obituary","2010"
414.00,"Joan Rivers dies at the age of 81",2014-09-04 0:00:00,"Obituary","2010"
415.00,"Serena Williams wins third consecutive US Open",2014-09-07 0:00:00,"Sports","2010"
416.00,"Joe Sample, jazz-funk pioneer, dies of lung cancer at age 75",2014-09-12 0:00:00,"Obituary","2010"
417.00,"Tony winner Geoffrey Holder, Un-Cola Man & Bond Voodoo King, dies at  84",2014-10-05 0:00:00,"Obituary","2010"
418.00,"Roots mini series premieres and runs for eight consecutive nights",1977-01-23 0:00:00,"News","1970"
419.00,"Malala Yousafzai becomes youngest-ever (17) Nobel Peace Prize recipient",2014-10-10 0:00:00,"News","2010"
421.00,"Ben Bradlee, former Washington Post exec editor, dies at age 93",2014-10-21 0:00:00,"Obituary","2010"
422.00,"Fashion designer Oscar de la Renta dies at age 82",2014-10-20 0:00:00,"Obituary","2010"
423.00,"San Francisco Giants win the World Series",2014-10-29 0:00:00,"Sports","2010"
424.00,"Jane Byrne, the first female mayor of Chicago (elected '79), dies at age 81",2014-11-14 0:00:00,"Obituary","2010"
425.00,"Dr. Martin Salia dies of Ebola",2014-11-17 0:00:00,"News","2010"
426.00,"Former D.C. Mayor, Marion Barry, dies at age 78",2014-11-23 0:00:00,"Obituary","2010"
427.00,"Life, the photojournalism magazine, first published",1936-11-23 0:00:00,"Literary","1930"
428.00,"Annie Lee, late blooming African-American artist, dies at the age of 79",2014-11-24 0:00:00,"Art","2010"
429.00,"Salvador Dali, prominent Spanish surrealist painter, dies at age 86",1989-01-23 0:00:00,"Art","1980"
430.00,"Georgia O'Keefe, great American painter, dies at age 100",1986-03-06 0:00:00,"Art","1980"
431.00,"Frist Museum opens in historic U.S. Post Office building",2001-04-02 0:00:00,"Art","2000"
432.00,"Hall of Famer and two-time MVP Ernie Banks dies at the age of 83",2015-01-23 0:00:00,"Obituary","2010"
433.00,"Indonesian AirAsia Flight 8501 crashes in Java Sea,  162 killed",2014-12-28 0:00:00,"Disaster","2010"
434.00,"New England Patriots win Super Bowl XLIX thanks to stupid Sea Hawk call",2015-02-01 0:00:00,"Sports","2010"
435.00,"87th Annual Academy Awards - Best Picture winner, ""Birdman""",2015-02-22 0:00:00,"Entertainment","2010"
436.00,"Leonard ""Spock"" Nemoy dies at age 83 of COPD",2015-02-27 0:00:00,"Obituary","2010"
437.00,"The Champs' ""Tequila"" is #1 on Billboard pop chart",1958-03-17 0:00:00,"Music","1950"
438.00,"Radio City Music Hall opens",1932-12-27 0:00:00,"News","1930"
439.00,"""The Sound of Music"" premieres on Broadway",1959-11-16 0:00:00,"Theater","1950"
440.00,"Babe Ruth retires, with 714 home runs",1935-06-02 0:00:00,"Sports","1930"
441.00,"Indian Citizenship Act granted citizenship to Native Americans born in USA",1924-06-02 0:00:00,"Political","1920"
442.00,"George Jones dies at age 81",2013-04-26 0:00:00,"Obituary","2010"
443.00,"Hank Williams, Sr., makes his Grand Ole Opry debut",1949-06-11 0:00:00,"Music","1940"
444.00,"Elvis Presley appears on the Ed Sullivan Show",1956-09-09 0:00:00,"Music","1950"
445.00,"George Gershwin's Rhapsody in Blue is performed for the first time",1924-02-12 0:00:00,"Music","1920"
446.00,"Music City Miracle!  Tennessee Titans BEAT Buffalo Bills 22 - 16",2000-01-08 0:00:00,"Sports","2000"
447.00,"""Saturday Night Fever"" premieres",1977-12-14 0:00:00,"Entertainment","1970"
448.00,"George Gershwin' Porgy & Bess premieres on Broadway",1935-10-10 0:00:00,"Theater","1930"
449.00,"W. C. Handy, the ""Father of the Blues"", dies at age 85",1958-03-28 0:00:00,"Obituary","1950"
450.00,"Tornadoes kill 115 in Iowa and Nebraska",1913-03-23 0:00:00,"Disaster","1910"
451.00,"""Titanic"" wins 11 Oscars",1998-03-23 0:00:00,"Entertainment","1990"
452.00,"The 984 foot tall Eiffel Tower opens",1889-03-31 0:00:00,"Architecture","1880"
453.00,"World Trade Center ribbon cutting ceremony",1973-04-04 0:00:00,"Architecture","1970"
454.00,"The 1,250 foot tall Empire State building opens",1931-05-01 0:00:00,"Architecture","1930"
455.00,"""Citizen Kane"" premieres",1941-05-01 0:00:00,"Entertainment","1940"
456.00,"Dzhokhar Tsarnaev found guilty on all 30 counts in Boston Marathon bombings",2015-04-08 0:00:00,"Terrorism","2010"
457.00,"Duke beats Wisconsin for fifth championship title, 68-63",2015-04-06 0:00:00,"Sports","2010"
458.00,"UConn beats Notre Dame for tenth championship title, 63-53",2015-04-07 0:00:00,"Sports","2010"
459.00,"Fertilizer explosion in Texas City, Texas killed 581 and injured 3,500",1947-04-16 0:00:00,"Disaster","1940"
460.00,"English Channel Tunnel opens",1994-05-06 0:00:00,"Architecture","1990"
461.00,"Hindenburg explodes in New Jersey",1937-05-06 0:00:00,"Disaster","1930"
462.00,"Final episode of ""Friends"" airs",2004-05-06 0:00:00,"Entertainment","2000"
463.00,"John Steinbeck wins Pulitzer for ""The Grapes of Wrath""",1940-05-06 0:00:00,"Literary","1940"
464.00,"Hoover Dam completed",1936-03-01 0:00:00,"Architecture","1930"
465.00,"Secretariat wins Triple Crown",1973-06-09 0:00:00,"Sports","1970"
466.00,"Chief Seattle,  ~76, dies near Seattle, WA",1866-06-07 0:00:00,"Obituary","1860"
468.00,"First drive-in theater opens in Camden, NJ",1933-06-06 0:00:00,"Entertainment","1930"
469.00,"Alcoholics Anonymous founded",1935-06-10 0:00:00,"News","1930"
470.00,"Last episode of ""The Sopranos"" airs",2007-06-10 0:00:00,"Entertainment","2000"
471.00,"Chicago Blackhawks beat Tampa Bay Lightning for Stanley Cup",2015-06-15 0:00:00,"Sports","2010"
472.00,"Sir Christopher Lee dies at age 93",2015-06-07 0:00:00,"Obituary","2010"
473.00,"Rudolph Nureyev, Russian ballet star defects",1961-06-16 0:00:00,"Entertainment","1960"
474.00,"America's first roller coaster opens at Coney Island",1884-06-16 0:00:00,"News","1880"
475.00,"Richard Petty becomes first NASCAR driver to 1,000th career start",1986-06-15 0:00:00,"Sports","1980"
476.00,"First national civil defense drill held, generated by nuclear capability",1954-06-14 0:00:00,"War","1950"
477.00,"Golden Gate Warriors defeat Cleveland Cavaliers for NBA Championship",2015-06-16 0:00:00,"Sports","2010"
478.00,"George Carlin dies of heart failure at age 71",2008-06-22 0:00:00,"Obituary","2000"
479.00,"President Franklin D Roosevelt signs G.I. Bill",1944-06-22 0:00:00,"Military","1940"
480.00,"Actor Dick Van Patten dies at 86 due to diabetes complications",2015-06-23 0:00:00,"Obituary","2010"
481.00,"Tim Burton's ""Batman"" premieres",1989-06-23 0:00:00,"Entertainment","1980"
482.00,"Supreme Court legalizes same-sex marriages",2015-06-26 0:00:00,"News","2010"
483.00,"Patrick Macnee, best known as The Avengers' ""John Steed"",  dies at age 93",2015-06-25 0:00:00,"Obituary","2010"
484.00,"USA beats Japan, 5 - 2, to win FIFA Women's World Cup",2015-07-05 0:00:00,"Sports","2010"
485.00,"Female cadets permitted to enroll in the United States Military Academy",1976-07-06 0:00:00,"News","1970"
486.00,"Althea Gibson becomes first African-American woman to win Wimbledon",1957-07-06 0:00:00,"Sports","1950"
487.00,"Louis Armstrong dies at age 69",1971-07-06 0:00:00,"Obituary","1970"
489.00,"Ringling Brothers & Barnum & Bailey Circus fire kills 167 and injured 682",1944-07-06 0:00:00,"Crime","1940"
490.00,"19 year  infantryman is the first American killed in Korean War",1950-07-05 0:00:00,"War","1950"
491.00,"Tennessee becomes first state to outlaw teaching theory of evolution",1925-03-23 0:00:00,"Education","1920"
492.00,"KMJ-AM in Fresno, CA begins radio transmissions",1922-03-23 0:00:00,"Entertainment","1920"
493.00,"First radio broadcast of ""Truth or Consequences"" on CBS",1940-03-23 0:00:00,"Entertainment","1940"
494.00,"Cincinnati Reds purchased for $4,625,000",1962-03-23 0:00:00,"Sports","1960"
495.00,"US performs nuclear test at Nevada Test Site",1985-03-23 0:00:00,"Science","1980"
496.00,"75th Academy Awards - Best Picture winner, ""Chicago""",2003-03-23 0:00:00,"Entertainment","2000"
497.00,"Hitler stages bloody purge of Nazi party, ""Night of Long Knives""",1934-06-30 0:00:00,"War","1930"
498.00,"""Gone with the Wind"" published",1936-06-30 0:00:00,"Literary","1930"
499.00,"""Johnny Carson Show"" debuts on CBS-TV",1955-06-30 0:00:00,"Entertainment","1950"
500.00,"Robert Henry Lawrence, Jr. named first black astronaut",1967-06-30 0:00:00,"Science","1960"
501.00,"Last sixpence minted in Great Britain (in use since 1551)",1984-06-30 0:00:00,"News","1980"
502.00,"New York Yankees fire Manager Yogi Berra",1964-10-17 0:00:00,"Sports","1960"
503.00,"Anwar Sadat sworn in as president of Egypt",1970-10-17 0:00:00,"Political","1970"
504.00,"Pres Jimmy Carter signs bill restoring US citizenship to Jefferson Davis",1978-10-17 0:00:00,"News","1970"
505.00,"Pres Jimmy Carter signs legislation creating Department of Education",1979-10-17 0:00:00,"Education","1970"
506.00,"Nancy Reagan undergoes a modified radical mastectomy",1987-10-17 0:00:00,"Medical","1980"
507.00,"Betty Ford undergoes radical mastectomy",1974-09-28 0:00:00,"Medical","1970"
508.00,"Angelina Jolie undergoes a preventive double mastectomy",2014-02-16 0:00:00,"Medical","2010"
510.00,"Academy Award winning Supporting Actor, Omar Sharif, dies at 83",2015-07-10 0:00:00,"Obituary","2010"
511.00,"Confederate battle flag removed from SC Statehouse grounds, after 54 years",2015-07-10 0:00:00,"News","2010"
512.00,"Zach Johnson wins British Open",2015-07-20 0:00:00,"Sports","2010"
513.00,"For first time in 54 years, flag flies over Cuban embassy in D.C.",2015-07-20 0:00:00,"News","2010"
514.00,"""Animal House"" premieres",1978-07-28 0:00:00,"Entertainment","1970"
515.00,"Fourteen killed when plane crashes into Empire State Building",1945-07-28 0:00:00,"News","1940"
516.00,"Adolph Hitler ascends to ""Fuhrer""",1934-08-02 0:00:00,"News","1930"
517.00,"Bodies of 3 civil rights workers found buried in earthen dam",1964-08-04 0:00:00,"Civil Rights","1960"
518.00,"Lizzie Borden found not guilty of murdering father and step-mother",1893-06-20 0:00:00,"Crime","1890"
519.00,"Hall of Famer & Monday Night Footballer Frank Gifford dies at 84",2015-08-09 0:00:00,"Obituary","2010"
520.00,"Alcatraz receives first civilian prisoners",1934-08-11 0:00:00,"Crime","1930"
521.00,"Largest-ever Tyrannosaurus rex skeleton, ""Sue"", unearthed",1990-08-12 0:00:00,"Science","1990"
522.00,"First MLB game televised (Cincinnati Reds vs Brooklyn Dodgers)",1939-08-26 0:00:00,"Entertainment","1930"
523.00,"19th amendment adopted guaranteeing women the right to vote",1920-08-26 0:00:00,"Civil Rights","1920"
524.00,"Marcy Borders, ""Dust Lady"" of 9/11, dies of stomach cancer at age 42",2015-08-24 0:00:00,"Obituary","2010"
525.00,"Judge overturns New England Patriot Tom Brady's DeflateGate suspension",2015-09-03 0:00:00,"Sports","2010"
526.00,"Megan Barry elected as Nashville's first female mayor",2015-09-10 0:00:00,"News","2010"
527.00,"NBA great Moses Malone dies at age 60",2015-09-13 0:00:00,"Obituary","2010"
528.00,"Mayor Megan Barry takes office as Nashville's seventh mayor",2015-09-25 0:00:00,"News","2010"
529.00,"Angela Davis acquitted of all charges (murder, kidnapping, conspiracy)",1972-06-04 0:00:00,"News","1970"
530.00,"Black Panther Party founded in Oakland, CA",1966-10-15 0:00:00,"News","1960"
531.00,"Titan's Mariota throws first career touchdown, 52 yards",2015-09-13 0:00:00,"Sports","2010"
532.00,"James Perkins elected Selma, Alabama's first black mayor",2000-09-13 0:00:00,"Civil Rights","2000"
533.00,"Prehistoric cave paintings discovered in a cave near Montignac, France",1940-09-12 0:00:00,"News","1940"
534.00,"Djokovic wins US Open, beating Federer in 4 sets",2015-09-13 0:00:00,"Sports","2010"
535.00,"Little Richard records ""Tutti Frutti""",1955-09-14 0:00:00,"Entertainment","1950"
536.00,"President William McKinley dies from infected gunshot wounds",1901-09-14 0:00:00,"News","1900"
537.00,"Grace Kelly dies at age 52 from car wreck injuries",1982-09-14 0:00:00,"Obituary","1980"
538.00,"Battle of Antietam - approximately 23,000 injured & 4,000 dead",1862-09-17 0:00:00,"War","1860"
539.00,"Baseball Hall of Famer Yogi Berra dies at age 90",2015-09-22 0:00:00,"Obituary","2010"
540.00,"Honda Motor company incorporated in Japan",1948-09-24 0:00:00,"Automotive","1940"
541.00,"Mormon Church officially renounces polygamy",1890-09-24 0:00:00,"Religion","1890"
542.00,"Japanese consul instructed to provide Pearl Harbor military information",1941-09-24 0:00:00,"War","1940"
543.00,"Extra Strength Tylenol capsules laced with cyanide kills six",1982-09-29 0:00:00,"Crime","1980"
544.00,"Pope Francis arrives in the United States",2015-09-22 0:00:00,"Religion","2010"
545.00,"Umpqua Community College massacre results in 9 murdered & 7 wounded",2015-10-01 0:00:00,"Massacre","2010"
546.00,"Today, the Chicago Cubs did not win the World Series as predicted in 1985!",2015-10-21 0:00:00,"Sports","1980"
547.00,"President Lyndon B. Johnson signs the Highway Beautification Act",1965-10-22 0:00:00,"Environment","1960"
548.00,"Flaming red haired actor Maureen O'Hara dies in her sleep at age 95",2015-10-24 0:00:00,"Obituary","2010"
549.00,"President Bill Clinton signs Digital Millennium Copyright Act into law",1998-10-28 0:00:00,"Entertainment","1990"
550.00,"Orson Welles broadcasts ""War of the Worlds""",1938-10-30 0:00:00,"Entertainment","1930"
551.00,"Gateway Arch completed",1965-10-28 0:00:00,"Architecture","1960"
552.00,"Statue of Libery dedicated by President Grover Cleveland",1886-10-28 0:00:00,"Architecture","1880"
553.00,"""Carrie"" premieres",1976-11-03 0:00:00,"Entertainment","1970"
554.00,"Washington D.C. residents vote in presidential election for the first time",1964-11-03 0:00:00,"News","1960"
555.00,"Orders delivered to bomb Pearl Harbor",1941-11-03 0:00:00,"War","1940"
556.00,"Entrance to King Tutankhamen's tomb discovered",1922-11-04 0:00:00,"News","1920"
557.00,"300 Santee Sioux sentenced to be hanged in Minnesota (262 later commuted)",1862-11-05 0:00:00,"War","1860"
558.00,"Sinclair Lewis awarded Nobel Prize in Literature",1930-11-05 0:00:00,"Literary","1930"
559.00,"Richard Nixon elected as 37th president",1968-11-05 0:00:00,"Political","1960"
560.00,"Panama Canal opens",1914-08-15 0:00:00,"Architecture","1910"
561.00,"U.N. adopts resolution condemning apartheid which later ended in 1993",1962-11-06 0:00:00,"Human Rights","1960"
562.00,"Ellis Island closes after 92 years of processing immigrants",1954-11-12 0:00:00,"News","1950"
563.00,"""Moby-Dick"" published",1851-11-14 0:00:00,"Literary","1850"
564.00,"ISIS attacks several Paris locations - 129 killed; 352 injured;",2015-11-13 0:00:00,"Terrorism","2010"
565.00,"President Lincoln delivers the 272 word Gettysburg Address",1863-11-19 0:00:00,"War","1860"
566.00,"President Lincoln issues a preliminary Emancipation Proclamation",1862-09-22 0:00:00,"Political","1860"
567.00,"President Lincoln issues the final Emancipation Proclamation",1863-01-01 0:00:00,"Political","1860"
568.00,"David Bowie dies of liver cancer at age 69",2016-01-10 0:00:00,"Obituary","2010"
569.00,"San Bernardino massacre kills 14 & seriously injures 22",2015-12-02 0:00:00,"Massacre","2010"
570.00,"Bill Cosby charged with felony sexual assault",2015-12-29 0:00:00,"News","2010"
571.00,"Pat Harrington, Jr. dies of Alzheimer's at age 86",2016-01-06 0:00:00,"Obituary","2010"
572.00,"Natalie Cole dies at age 65",2015-12-31 0:00:00,"Obituary","2010"
573.00,"Alan Rickman dies of pancreatic cancer at age 69",2016-01-14 0:00:00,"Obituary","2010"
574.00,"Alabama beats Clemson to win  college football championship",2016-01-11 0:00:00,"Sports","2010"
575.00,"Wayne Rogers dies from pneumonia at age 82",2015-12-31 0:00:00,"Obituary","2010"
576.00,"Harper Lee, author of ""To Kill a Mockingbird"", dies at 89",2016-02-19 0:00:00,"Obituary","2010"
577.00,"Supreme Court Justice Antonin Scalia dies at 79",2016-02-13 0:00:00,"Obituary","2010"
578.00,"Denver Broncos beat Carolina Panthers 24 - 10 to win Super Bowl 50",2016-02-07 0:00:00,"Sports","2010"
579.00,"Maurice White, Earth, Wind & Fire dies of Parkinson's complications, age 74",2016-02-04 0:00:00,"Obituary","2010"
580.00,"Actor Dan Haggerty dies of spinal cancer at age 74",2016-01-15 0:00:00,"Obituary","2010"
581.00,"George Kennedy dies at 91",2016-02-28 0:00:00,"Obituary","2010"
583.00,"88th Annual Academy Awards - Best Picture winner, ""Spotlight""",2016-02-28 0:00:00,"Entertainment","2010"
584.00,"The last U.S. combat troops leave South Vietnam",1973-03-29 0:00:00,"War","1970"
585.00,"Triangle Shirtwaist Company fire in NYC kills 145 workers",1911-03-25 0:00:00,"News","1910"
586.00,"Veteran actress Patty Duke dies at 69 after a ruptured intestine",2016-03-29 0:00:00,"Obituary","2010"
587.00,"Merle Haggard dies on his 79th birthday",2016-04-06 0:00:00,"Obituary","2010"
588.00,"Uconn beats Syracuse, 82-51, to win fourth consecutive nat'l women's title.",2016-04-05 0:00:00,"Sports","2010"
589.00,"Prince Rogers Nelson, ""Prince"", dies suddenly at the age of 57.",2016-04-21 0:00:00,"Obituary","2010"
590.00,"""Hamilton"" receives a record 16 Tony nominations",2016-05-03 0:00:00,"Entertainment","2010"
591.00,"Bran Stoker's ""Dracula"" appears in London bookshops",1897-05-26 0:00:00,"Literary","1890"
592.00,"""Star Wars"" premieres",1977-05-25 0:00:00,"Entertainment","1970"
593.00,"Babe Ruth hits his 714th, and last, home run",1935-05-25 0:00:00,"Sports","1930"
594.00,"CNN launches",1980-06-01 0:00:00,"Entertainment","1980"
595.00,"Tokyo-based Nissan Motor Company is founded",1934-06-01 0:00:00,"Automotive","1930"
596.00,"Natural-gas pipeline explodes in the Ural Mountains, killing over 500",1989-06-03 0:00:00,"Disaster","1980"
597.00,"70th Tony Awards - Best Musical winner, ""Hamilton""",2016-06-12 0:00:00,"Entertainment","2010"
598.00,"Orlando's Pulse Club massacre results in 49 killed and over 50 injured",2016-06-12 0:00:00,"Massacre","2010"
599.00,"Greatest Heavyweight Boxer of All Time, Muhammad Ali dies at age 74",2016-06-03 0:00:00,"Obituary","2010"
600.00,"Cleveland Cavaliers defeat Golden Gate Warriors for NBA Championship",2016-06-19 0:00:00,"Sports","2010"
601.00,"Hockey legend, Gordie Howe, dies at age 88",2016-06-10 0:00:00,"Obituary","2010"
602.00,"Morley Safer dies at age  84, one week after retiring from 60 Minutes",2016-05-19 0:00:00,"Obituary","2010"
603.00,"Former first lady, Nancy Reagan, dies at age 94",2016-03-06 0:00:00,"Obituary","2010"
604.00,"Abe Vigoda dies in his sleep at age 94",2016-01-26 0:00:00,"Obituary","2010"
605.00,"US detonates a 1.7 kiloton nuclear weapon, first ever underground",1957-09-19 0:00:00,"Science","1950"
606.00,"Earthquake in Mexico registering 6.9 results in the death of 9,500",1985-09-19 0:00:00,"Disaster","1980"
607.00,"Federal health officials announce  AZT will be available to AIDS patients",1986-09-19 0:00:00,"Science","1980"
608.00,"""Mary Tyler Moore"" show premieres",1970-09-19 0:00:00,"Entertainment","1970"
609.00,"Clinton/Trump presidential debate",2016-09-26 0:00:00,"Political","2010"
610.00,"Legendary golfer, Arnold Palmer, dies at age 87",2016-09-25 0:00:00,"Obituary","2010"
611.00,"Legendary TSU and Olympic track coach, Ed Temple, dies at age 89",2016-09-22 0:00:00,"Obituary","2010"
612.00,"Former Israeli prime minister, Shimon Peres, dies at age 93",2016-09-28 0:00:00,"Obituary","2010"
613.00,"Soap opera creator Agnes Nixon dies at age 93",2016-09-28 0:00:00,"Obituary","2010"
614.00,"Protesting the Vietnam war, the first draft card burned in public",1965-10-15 0:00:00,"War","1960"
615.00,"Mata Hari executed, by firing squad, in Paris for espionage",1917-10-15 0:00:00,"War","1910"
616.00,"""Chicago 7"" anti-Vietnam War activist, Tom Hayden, dies at age 76",2016-10-23 0:00:00,"Political","2010"
617.00,"Chicago Cubs win the World Series after waiting 108 years to be champions",2016-11-02 0:00:00,"Sports","2010"
618.00,"Emanuel AME Church shooting in Charleston results in 9  parishioners killed",2015-06-17 0:00:00,"Massacre","2010"
619.00,"Microsoft announced deal to buy LinkedIn for $26.2 billion",2016-06-13 0:00:00,"Business","2010"
620.00,"Janet Reno, first female US atty general, dies of Parkinsons at age 78",2016-11-07 0:00:00,"Obituary","2010"
621.00,"Magic Johnson announces that he is HIV+",1991-11-07 0:00:00,"News","1990"
622.00,"Robert Vaughn, Man from U.N.C.L.E., dies of acute leukemia at age 83",2016-11-11 0:00:00,"Obituary","2010"
623.00,"Astronaut & senator John Glenn dies at age 95",2016-12-08 0:00:00,"Obituary","2010"
624.00,"Actor Alan Thicke dies from heart attack at age 69",2016-12-13 0:00:00,"Obituary","2010"
625.00,"Broadcase journalist Gwen Ifill dies of breast cancer at age 61",2016-11-14 0:00:00,"Obituary","2010"
626.00,"Actress/author Carrier Fisher, 60, dies of complications from heart attack",2016-12-27 0:00:00,"Obituary","2010"
627.00,"Debbie Reynolds, 84, dies one day after daughter Carrie Fisher's death",2016-12-28 0:00:00,"Obituary","2010"
628.00,"Musician George Michael, 53, dies of heart attack",2016-12-25 0:00:00,"Obituary","2010"
629.00,"Actress Zsa Zsa Gabor, 99, dies of heart attack",2016-12-18 0:00:00,"Obituary","2010"
630.00,"TV icon Mary Tyler Moore dies at age 80",2017-01-25 0:00:00,"Obituary","2010"
631.00,"Actor Bill Paxton dies at age 61 of post-op heart surgery complications",2017-02-25 0:00:00,"Obituary","2010"
632.00,"89th Annual Academy Awards - Best Picture winner, ""Moonlight""",2017-02-26 0:00:00,"Entertainment","2010"
633.00,"Chuck Berry, Rock N' Roll musician, dies at age 90",2017-03-18 0:00:00,"Obituary","2010"
634.00,"Comedian Don Rickles dies of kidney failure at age 90",2017-04-06 0:00:00,"Obituary","2010"
635.00,"Manchester Arena concert bombing kills 22 and injures 250",2017-05-22 0:00:00,"Terrorism","2010"
636.00,"Moore, Sir Roger Moore dies of cancer at age 89",2017-05-23 0:00:00,"Obituary","2010"
637.00,"19-ton truck driven into Bastille Day crowds - 86 killed, over 400 injured",2016-07-14 0:00:00,"Terrorism","2010"
638.00,"Train line in Madrid targeted - 191 killed, over 600 injured",2004-03-11 0:00:00,"Terrorism","2010"
639.00,"Suicide bomber attacks London bus & underground - 52 killed",2005-07-07 0:00:00,"Terrorism","2010"
640.00,"Boko Haram attacks in Nigeria, killing over 2,000",2015-01-03 0:00:00,"Terrorism","2010"
641.00,"First successful climb to the top of Mt. McKinley",1913-06-07 0:00:00,"News","1910"
642.00,"Iconic TV Batman, Adam West, dies of leukemia at age 88",2017-06-09 0:00:00,"Obituary","1910"
643.00,"John Wayne dies of gastric cancer at age 72",1979-06-11 0:00:00,"Obituary","1970"
644.00,"Bomb blast kills 22 after concert at England's Manchester Arena",2017-05-23 0:00:00,"Terrorism","2010"
645.00,"Miranda rights established by Supreme Court Miranda vs Arizona decision",1966-06-14 0:00:00,"Legal","1960"
646.00,"""Jaws"" premieres",1975-06-20 0:00:00,"Entertainment","1970"
647.00,"First Harry Potter book published in the UK",1997-06-26 0:00:00,"Literary","1990"
648.00,"Forty-nine killed and 53 injured at Pulse Nightclub shooting",2016-06-12 0:00:00,"Terrorism","2010"
649.00,"MPAA introduces the PG-13 rating",1984-07-01 0:00:00,"Entertainment","1980"
650.00,"Over 200 die when a truck carrying liquid gas crashes into Spanish campsite",1978-07-11 0:00:00,"Disaster","1970"
651.00,"Singer Glen Campbell dies of Alzheimer's at age 81",2017-08-08 0:00:00,"Obituary","2010"
652.00,"Former middleweight champion boxer, Jake LaMotta, dies at age 95",2017-09-19 0:00:00,"Obituary","2010"
653.00,"Mexico City suffers a 7.1 magnitude earthquake",2017-09-19 0:00:00,"Disaster","2010"
654.00,"Category 4 Hurricane Maria slams into Puerto Rico",2017-09-20 0:00:00,"Disaster","2010"
655.00,"Category 5 Hurricane Irma lands",2017-09-06 0:00:00,"Disaster","2010"
656.00,"Category 4 Hurricane Harvey lands on Texas",2017-08-25 0:00:00,"Disaster","2010"
657.00,"An Inconvenient Sequel: Truth to Power",2017-08-04 0:00:00,"Environment","2010"
658.00,"Actor Bernie Casey dies at age 78 after a brief illness",2017-09-19 0:00:00,"Obituary","2010"
659.00,"Playboy Extraordinare, Hugh Hefner, dies at age 91",2017-09-27 0:00:00,"Obituary","2010"
660.00,"Lone Wolf domestic terrorist kills 60 and injures over 860 in Las Vegas",2017-10-01 0:00:00,"Massacre","2010"
661.00,"First US train robbery",1866-10-06 0:00:00,"Crime","1860"
662.00,"First presidential speech on TV",1947-10-05 0:00:00,"Political","1940"
663.00,"Dan Brown's fifth Langdon book, ""Origin"", published",2017-10-03 0:00:00,"Literary","2010"
664.00,"Chicago Fire starts what will eventually be two days of fire",1871-10-08 0:00:00,"News","1870"
665.00,"Arnold Schwarzenegger is elected as California's governor",2003-10-07 0:00:00,"Political","2000"
666.00,"Rock & Roller ""Fats"" Domino dies at age 89",2017-10-24 0:00:00,"Obituary","2010"
667.00,"Emmy winner Robert Guillaume dies of prostate cancer at age 89",2017-10-24 0:00:00,"Obituary","2010"
668.00,"Stephen King's biggest grossing R-rated horror movie, ""IT"", premieres",2017-09-08 0:00:00,"Entertainment","2010"
669.00,"Uzbekistan driver kills 8 and injures 11 in Manhattan terrorist attack",2017-10-31 0:00:00,"Terrorism","2010"
670.00,"Army psychiatrist Major Hasan kills 13 and injures 32 (workplace violence)",2009-11-05 0:00:00,"Crime","2000"
671.00,"Houston Astros beat Dodgers to win first ever World Series",2017-11-01 0:00:00,"Sports","2010"
672.00,"TX lone shooter's rampage at Sutherland FB church kills 25 & injures 20",2017-11-05 0:00:00,"Massacre","2010"
673.00,"Actor John Hillerman, (Magnum, PI, Blazing Saddles, etc.), dies at age 84",2017-11-09 0:00:00,"Obituary","2010"
674.00,"UT football coach Butch Jones fired in fifth season with 34 - 27 record",2017-11-12 0:00:00,"Sports","2010"
675.00,"Mel Tillis dies at age 85 of respiratory failure",2017-11-19 0:00:00,"Obituary","2010"
676.00,"Cult leader Charles Manson dies in prison at age 83",2017-11-19 0:00:00,"Obituary","2010"
677.00,"Della Reese, singer & actress, dies at age 86",2017-11-19 0:00:00,"Obituary","2010"
678.00,"Nancy Zeiman,""Sewing with Nancy"", dies at 64 after multiple cancer battles",2017-11-14 0:00:00,"Obituary","2010"
679.00,"David Cassidy, teen icon, died of liver failure at age 67",2017-11-21 0:00:00,"Obituary","2010"
680.00,"NBC News fires Matt Lauer for ""inappropriate sexual behavior at work"".",2017-11-29 0:00:00,"News","2010"
681.00,"Actor and baritone Jim Nabors dies at age 87.  Shazam & farewell, Gomer!",2017-11-30 0:00:00,"Obituary","2010"
682.00,"Roald Amundsen, Norway, first explorer to reach the South Pole",1911-12-14 0:00:00,"News","1910"
683.00,"Byron De La Beckwith convicted of 1963 murder of Medgar Evers",1994-02-05 0:00:00,"Crime","1990"
685.00,"Roe v. Wade decision established woman's legal right to an abortion",1973-01-22 0:00:00,"Legal","1970"
686.00,"The Oxford American College Dictionary debuts",1884-02-01 0:00:00,"Literary","1880"
687.00,"First gorilla born in captivity",1956-12-22 0:00:00,"News","1950"
688.00,"Pan Am Flight 103 explodes over Lockerbie, Scotland killing 270",1988-12-21 0:00:00,"Disaster","1980"
689.00,"Philadelphia Eagles beat New England Patriots 41 - 33 to win Super Bowl 52",2018-02-04 0:00:00,"Sports","2010"
691.00,"Apollo 11 lands on the Moon",1969-07-20 0:00:00,"Space","1960"
692.00,"Space Shuttle Columbia disintegrates reentering Earth's atmosphere",2003-02-01 0:00:00,"Space","2000"
693.00,"Neil Armstrong becomes first man to walk on the Moon",1969-07-21 0:00:00,"Space","1960"
694.00,"Ed White becomes first American to make tethered spacewalk",1965-06-03 0:00:00,"Space","1960"
695.00,"""The Alienist"" by Caleb Carr, published",1994-03-15 0:00:00,"Literary","1990"
696.00,"Barbara Bush, former first lady, dies at age 92 from COPD",2018-04-17 0:00:00,"Obituary","2010"
697.00,"Machu Picchu rediscovered",1911-07-24 0:00:00,"Archaeology","1910"
698.00,"Senator John McCain, an Americn hero, dies at 81 from  glioblastoma",2018-08-25 0:00:00,"Obituary","2010"
699.00,"Senator Edward Kennedy dies at 77 from glioblastoma",2009-08-25 0:00:00,"Obituary","2000"
700.00,"Vice President Biden's son, Beau, died at age 46 from glioblastoma",2015-05-30 0:00:00,"Obituary","2010"
701.00,"Playwright, screenwriter & author Neil Simon dies at age 91",2018-08-26 0:00:00,"Obituary","2010"
702.00,"Terracotta Army discovered in Xian, China",1974-03-01 0:00:00,"Archaeology","1970"
703.00,"King Tut's burial chamber was discovered by team led by Howard Carter",1922-11-22 0:00:00,"Archaeology","1920"
704.00,"""Lucy"" fossils discovered in Ethiopia",1974-11-24 0:00:00,"Archaeology","1970"
705.00,"First ATM introduced in a bank in Rockville Center, NY",1969-09-02 0:00:00,"Technology","1960"
706.00,"Actor Burt Reynolds dies at age 82",2018-09-06 0:00:00,"Obituary","2010"
707.00,"Tiger Woods wins first PGA Tour Championship in 5 years",2018-09-23 0:00:00,"Sports","2010"
708.00,"""Sexually violent predator"" Bill Cosby, 81, sentenced to 3 - 10 yr prison term",2018-09-25 0:00:00,"Crime","2010"
709.00,"Arthur Mitchell, founding director of the Dance Theater of Harlem, dies at 84",2018-09-19 0:00:00,"Obituary","2010"
710.00,"Japanese Naomi Osaka, 19, defeats Serena Williams to win her 1st Grand Slam",2018-09-08 0:00:00,"Sports","2010"
711.00,"Hurricane Florence makes landfall in the Carolinas",2018-09-14 0:00:00,"Weather","2010"
712.00,"NY limo crash kills 17 passengers, driver, and two pedestrians",2018-10-07 0:00:00,"News","2010"
713.00,"Cat 4 Hurricane Michael makes FL panhandle landfall with 155 mph winds",2018-10-10 0:00:00,"Weather","2010"
714.00,"Paul Allen, Microsoft cofounder, dies of non-Hodgkins lymphoma complications,  at age 65.",2018-10-15 0:00:00,"Obituary","2010"
715.00,"Canada legalizes recreational marijuana",2018-10-17 0:00:00,"News","2010"
716.00,"Seven injured and 11 killed in PA Tree of Life synagogue massacre",2018-10-27 0:00:00,"Massacre","2010"
717.00,"Boston Red Sox beat LA Dodgers 4 - 1 to win their ninth World Series championship",2018-10-28 0:00:00,"Sports","2010"
718.00,"Hurricane Michael death toll increases to 45",2018-10-28 0:00:00,"Weather","2010"
719.00,"At least 15 suspicious explosive packages mailed across America in several days",2018-10-29 0:00:00,"Terrorism","2010"
720.00,"""To Kill a Mockingbird"" voted America's best loved novel in PBS survey",2018-10-23 0:00:00,"Literary","2010"
721.00,"""House of Cards"" finale",2018-11-02 0:00:00,"Entertainment","2010"
722.00,"20 injured & 12 killed at CA country-western dance bar shooting on ""college night""",2018-11-07 0:00:00,"Massacre","2010"
723.00,"Today's country-western dance bar shooting is this year's 307th mass shooting in US",2018-11-07 0:00:00,"News","2010"
724.00,"Stan Lee, creator of Marvel's superheroes, dies at age 95",2018-11-12 0:00:00,"Obituary","2010"
725.00,"Country entertainer and 'Hee Haw' cohost Roy Clark dies of pneumonia at age 85",2018-11-15 0:00:00,"Obituary","2010"
726.00,"Agatha Christie's mystery, ""The Mousetrap"" opens. More than 23,000 performances & counting",1952-11-25 0:00:00,"Theater","1950"
727.00,"""On the Origin of Species by Means of Natural Selection"" by Charles Darwin is published",1859-11-24 0:00:00,"Literary","1850"
728.00,"Lee Harvey Oswald kill by nightclub owner Jack Ruby",1963-11-24 0:00:00,"Crime","1960"
729.00,"Author Jack London dies from kidney disease at age 40",1916-11-22 0:00:00,"Obituary","1910"
730.00,"President George H. W. Bush dies at age 94",2018-11-30 0:00:00,"Obituary","2010"
731.00,"""A Streetcar Named Desire""  debuts on Broadway with Marlon Brando at age 23",1947-12-03 0:00:00,"Theater","1940"
732.00,"Broadway actress Carol Channing dies at age 97",2019-01-15 0:00:00,"Obituary","2010"
733.00,"Singer Karen Carpenter, age 39, dies of a heart attack ""caused"" by her anorexia",1983-02-04 0:00:00,"Obituary","1980"
734.00,"New England Patriots beat LA Rams 13-3 in Super Bowl 53",2019-02-03 0:00:00,"Sports","2010"
735.00,"""Snow White & the Seven Dwarfs"" premieres",1938-02-04 0:00:00,"Entertainment","1930"
736.00,"Hall of Famer & first black MLB manager, Frank Robinson, dies at 83",2019-02-07 0:00:00,"Obituary","2010"
737.00,"First polio vaccine administered to children",1954-02-23 0:00:00,"News","1950"
738.00,"ASPCA founded",1866-04-10 0:00:00,"News","1860"
740.00,"Tiger Woods wins 5th Masters, after 11 year drought of winning a major tournament",2019-04-14 0:00:00,"Sports","2010"
741.00,"Oscar nominated writer-director John Singleton dies at 51 after massive stroke",2019-04-29 0:00:00,"Obituary","2010"
742.00,"FDA approves the first commercially produced birth control pill",1963-05-09 0:00:00,"Medical","1960"
743.00,"Brooklyn Bridge opens",1883-05-24 0:00:00,"Architecture","1880"
744.00,"Animal lover, singer and actress Doris Day dies at 97, complications from pneumonia",2019-05-13 0:00:00,"Obituary","2010"
745.00,"Emmy winning comedian, actor Tim Conway dies at 85 from hydocephalus complications",2019-05-14 0:00:00,"Obituary","2010"
746.00,"""Thelma and Louise"" premieres",1991-05-24 0:00:00,"Entertainment","1990"
747.00,"Duke Ellington dies at age 75 from pneumonia and metastasized lung cancer",1974-05-24 0:00:00,"Obituary","1970"
748.00,"American Red Cross founded",1881-05-21 0:00:00,"News","1880"
749.00,"Underdog Andy Ruiz, Jr.  becomes the first heavyweight boxing champion of Mexican descent",2019-06-01 0:00:00,"Sports","2010"
750.00,"Orwell's ""1984"" published",1949-06-04 0:00:00,"Literary","1940"
751.00,"73rd Tony Awards - Best Musical, Hadestown (8 wins) ; Best Play, The Ferryman (4 wins);",2019-06-09 0:00:00,"Entertainment","2010"
752.00,"Ali Stroker first wheelchair user Tony winner (Best Actress in featured role in a musical)",2019-06-09 0:00:00,"Entertainment","2010"
753.00,"Steamboat Sultana exploded on the Mississippi. Estimated death toll 1,800",1865-04-27 0:00:00,"Maritime Disaster","1860"
754.00,"Gloria Vanderbilt dies at age 95",2019-06-17 0:00:00,"Obituary","2010"
755.00,"Toronto Raptors beat Golden State Warriors 114-110 to win first NBA Championship",2019-06-13 0:00:00,"Sports","2010"
756.00,"St Louis Blues beat Boston Bruins to win their first Stanley Cup",2019-06-12 0:00:00,"Sports","2010"
757.00,"Romance novelist, Judith Krantz, dies of natural causes at age 91",2019-06-22 0:00:00,"Obituary","2010"
758.00,"Italy wins their bid to host the 2026 Winter Olympics",2019-06-24 0:00:00,"Sports","2010"
759.00,"US Women win their fourth World Cup title (1991, 1999, 2015, 2019)",2019-07-07 0:00:00,"Sports","2010"
760.00,"Twitter launches in San Francisco",2006-07-15 0:00:00,"Technology","2000"
761.00,"Richard Speck murders eight student nurses in Chicago",1966-07-14 0:00:00,"Crime","1960"
762.00,"Retired Supreme Court Justice John Paul Stevens dies at 99",2019-07-16 0:00:00,"News","2010"
763.00,"Rutger Hauer dies at the age of 75 after a short illness.",2019-07-19 0:00:00,"Obituary","2010"
764.00,"French documentary, ""March of the Penguins"" debuts in America",2005-07-22 0:00:00,"Entertainment","2000"
765.00,"""Kiki's Delivery Service"" premieres in Japan",1989-07-30 0:00:00,"Entertainment","1980"
766.00,"Three killed (6, 13 & 25 yrs) 12 wounded by 19 yr old at Gilroy, Ca annual Garlic Festival",2019-07-28 0:00:00,"Crime","2010"
767.00,"Hawaii becomes the 50th state",1959-08-21 0:00:00,"News","1950"
768.00,"Nate Turner leads the largest slave rebellion in America's history",1831-08-21 0:00:00,"News","1830"
769.00,"Author Eric Jerome Dickey dies of cancer at 59",2021-01-03 0:00:00,"Obituary","2020"
770.00,"Olympian & actor Rafer Johnson dies at 86 from a stroke",2020-12-02 0:00:00,"Obituary","2020"
773.00,"Former NBA Laker, Kobe Bryant 41, dies in a helicopter crash",2020-01-26 0:00:00,"Obituary","2020"
774.00,"""Hidden Figures"" Katherine Johnson dies at 101",2020-02-24 0:00:00,"Obituary","2020"
775.00,"Ellis Marsalis Jr., father of Branford and Wynton dies at age 85 from COVID complications",2020-04-01 0:00:00,"Obituary","2020"
776.00,"Founder of  Black Enterprise magazine, Earl Graves, Sr., dies from Alzheimer's at age 85",2020-04-07 0:00:00,"Obituary","2020"
777.00,"WHO declares COVID-19 a pandemic",2020-03-11 0:00:00,"Covid","2020"
778.00,"NSCC moves all classes online with Zoom",2020-03-23 0:00:00,"Covid","2020"
779.00,"The 2020 Olympics are officially postponed",2020-03-23 0:00:00,"Covid","2020"
780.00,"Categpry 4 Hurricane Laura landed on Louisiana",2020-08-24 0:00:00,"Weather","2020"
781.00,"Category 2 Hurricane Delta landed  12 miles east of where Hurricane Laura landed",2020-10-09 0:00:00,"Weather","2020"
782.00,"Ed Asner dies of natural causes at 91",2021-08-29 0:00:00,"Obituary","2020"
783.00,"Cloris Leachman dies from stroke cimplicated by COVID-19 at age 94",2021-01-26 0:00:00,"Obituary","2020"
784.00,"Rene Auberjonois dies from metastatic lung cancer at age 79",2019-12-08 0:00:00,"Obituary","2010"
785.00,"Olympia Dukakis dies under hospice care at age 89",2021-05-01 0:00:00,"Obituary","2020"
786.00,"Tony and Emmy winner Cicely Tyson dies at age 96",2021-01-28 0:00:00,"Obituary","2020"
788.00,"Ninety-eight souls lost when the Florida Surfside condo collapsed",2021-06-24 0:00:00,"Disaster","2020"
790.00,"First COVID death correctly identified in the US",2020-02-06 0:00:00,"Covid","2020"
791.00,"World wide deaths over 200,000",2020-04-26 0:00:00,"Covid","2020"
792.00,"US COVID deaths surpassed 100,000",2020-05-27 0:00:00,"Covid","2020"
793.00,"US COVID deaths surpassed 150,000",2020-08-04 0:00:00,"Covid","2020"
794.00,"US COVID deaths surpassed 200,000",2020-09-22 0:00:00,"Covid","2020"
795.00,"US COVID deaths surpassed 250,000",2020-11-18 0:00:00,"Covid","2020"
796.00,"US COVID deaths surpassed 300,000",2020-12-14 0:00:00,"Covid","2020"
797.00,"US COVID deaths surpassed 400,000",2021-01-19 0:00:00,"Covid","2020"
798.00,"US COVID deaths surpassed 500,000",2021-02-22 0:00:00,"Covid","2020"
799.00,"There are 700,756 US COVID deaths",2021-09-26 0:00:00,"Covid","2020"
800.00,"74th Tony Awards - Best Musical:  ""Moulin Rouge""",2021-09-26 0:00:00,"Entertainment","2020"
801.00,"74th Tony Awards - Best Revival:  ""A Soldier's Story""",2021-09-26 0:00:00,"Entertainment","2020"
802.00,"92nd Academy Awards - Best Animated: ""Toy Story 4""",2020-02-09 0:00:00,"Entertainment","2020"
803.00,"92nd Academy Awards - Best Animated Short Film: "" Hair Love""",2020-02-09 0:00:00,"Entertainment","2020"
804.00,"93rd Academy Awards - Best Movie: ""Nomadland""",2021-04-25 0:00:00,"Entertainment","2020"
805.00,"93rd Academy Awards - Best Animated: ""Soul""",2021-04-25 0:00:00,"Entertainment","2020"
806.00,"78th Golden Globe Awards - Best Animated: ""Soul""",2021-02-28 0:00:00,"Entertainment","2020"
807.00,"78th Golden Globe Awards - Best Actor in Drama: Chadwick Boseman",2021-02-28 0:00:00,"Entertainment","2020"
808.00,"Amtrak derailment near Joplin,  Montana killed at least three people",2021-09-25 0:00:00,"News","2020"
809.00,"Forty-six year old George Floyd was murdered in Minneapolis, Minnesota",2020-05-25 0:00:00,"News","2020"
810.00,"Accused murderer of George Floyd found guilty and  sentenced to over 22 years",2021-06-25 0:00:00,"News","2020"
811.00,"""West Side Story"",  remake directed by Steven Spielberg is released",2021-12-08 0:00:00,"Entertainment","2020"
812.00,"""Tick, Tick, Boom"", directed by Lin-Manuel Miranda is released",2021-11-10 0:00:00,"Entertainment","2020"
813.00,"Chadwick Boseman dies at 43 after losing four-year battle with colon cancer",2020-08-28 0:00:00,"Obituary","2020"
814.00,"Howard University names fine arts center after their late alumnus Chadwick Boseman",2021-09-07 0:00:00,"News","2020"
815.00,"Winter storm in February, especially in Texas & Mexico, results in ~ 176 deaths",2021-02-13 0:00:00,"Weather","2020"
816.00,"Eight killed in mass shooting in San Jose at the Valley Transportation Authority",2021-05-26 0:00:00,"Massacre","2020"
817.00,"Eight killed in mass shooting in Indianapolis at the FedEx facility",2021-04-15 0:00:00,"Massacre","2020"
818.00,"Ten killed in mass shooting in Boulder at a supermarket",2021-03-22 0:00:00,"Massacre","2020"
819.00,"Eight killed in Atlanta mass shooting at three spas. Six  were women of Asian descent",2021-03-16 0:00:00,"Massacre","2020"
820.00,"Bomb located in a RV is detonated outside an AT&T transmission building",2020-12-25 0:00:00,"News","2020"
821.00,"After many years battling cancer, rock legend Eddie Van Halen dies at age 65",2020-10-06 0:00:00,"Obituary","2020"
822.00,"Sputnik, the world's first artificial satellite, was launched by the Soviet Union",1957-10-04 0:00:00,"Space","1950"
823.00,"Connery, Sean Connery dies at age 90.  Sir Connery had dementia the last few months alive",2020-10-31 0:00:00,"Obituary","2020"
824.00,"Alex Trebek dies at age 80 after battling stage 4 pancreatic cancer for over 18 months",2020-11-08 0:00:00,"Obituary","2020"
825.00,"David Dinkins, NYC's first African-American mayor, dies at age 93 of natural causes",2020-11-23 0:00:00,"Obituary","2020"
826.00,"Six killed when truck bomb detonated in World Trade Center's underground garage",1993-02-26 0:00:00,"Terrorism","1990"
827.00,"82nd Academy Awards - Best Picture winner: ""The Hurt Locker""",2010-03-07 0:00:00,"Entertainment","2010"
828.00,"25th Academy Awards - Best Picture winner: ""The Greatest Show on Earth""",1953-03-19 0:00:00,"Entertainment","1950"
829.00,"16th Academy Awards - Best Picture winner: ""Casablanca""",1944-03-02 0:00:00,"Entertainment","1940"
830.00,"6th Tony Awards - Best Musical winner: ""The King and I""",1952-03-30 0:00:00,"Entertainment","1950"
831.00,"37th Tony Awards - Best Musical winner: ""Cats""",1983-06-05 0:00:00,"Entertainment","1980"
832.00,"52nd Tony Awards - Best Musical winner: ""The Lion King""",1998-06-07 0:00:00,"Entertainment","1990"
833.00,"2nd Tony Awards - Best Play winner: ""Mister Roberts""",1948-03-28 0:00:00,"Entertainment","1940"
834.00,"33rd Tony Awards - Best Play winner: ""The Elephant Man""",1979-06-03 0:00:00,"Entertainment","1970"
835.00,"41st Tony Awards - Best Play winner, ""Fences""",1987-06-07 0:00:00,"Entertainment","1980"
836.00,"A structural fire causes extensive damage to the Notre-Dame of Paris cathedral",2019-04-15 0:00:00,"News","2010"
837.00,"Malcolm X assassinated",1965-02-21 0:00:00,"News","1960"
838.00,"Nashville State Technical Institute founded",1970-06-01 0:00:00,"Education","1970"
839.00,"""Sesame Street"" premieres",1969-11-10 0:00:00,"Children","1960"
840.00,"Big Bird & Oscar the Grouch puppeteer, Caroll Spinney, dies at 85",2019-12-08 0:00:00,"Obituary","2010"
841.00,"""The Big Comfy Couch"" premieres",1992-03-02 0:00:00,"Children","1990"
842.00,"""Reading Rainbow"" premieres",1983-06-06 0:00:00,"Children","1980"
843.00,"""Wishbone"" premieres",1995-10-09 0:00:00,"Children","1990"
844.00,"""Kukla, Fran and Ollie"" premieres",1947-10-13 0:00:00,"Children","1940"
845.00,"Puppeteer/ventriloquist, Shari Lewis, dies at 65, 2 months after uterine cancer diagnosis",1998-08-02 0:00:00,"Obituary","1990"
846.00,"""The Shari Lewis Hour"" premieres",1960-10-01 0:00:00,"Children","1960"
847.00,"""Bear in the Big Blue House"" premieres",1997-10-20 0:00:00,"Children","1990"
848.00,"Lynn Thigpen, Luna in ""Bear in the Big Blue House"", dies at 54 from a brain hemorrhage",2003-03-12 0:00:00,"Obituary","2000"
849.00,"""Gullah, Gullah Island"" premieres",1994-10-24 0:00:00,"Children","1990"
850.00,"""Blues Clues"" premieres",1996-09-08 0:00:00,"Children","1990"
851.00,"""Between the Lions"" premieres",2000-04-03 0:00:00,"Children","2000"
852.00,"""Zoboomafoo"" premieres",1999-01-25 0:00:00,"Children","1990"
853.00,"According to WHO: 1,448,896 global COVID deaths, 18%, 262,736 are US deaths",2020-11-29 0:00:00,"Covid","2020"
854.00,"Supreme Court Justice Ruth Bader Ginsberg dies at 87 from pancreatic cancer",2020-09-18 0:00:00,"Obituary","2020"
855.00,"Bill Cosby's sex assault conviction vacated & he is released from prison after only 3 yrs",2021-06-30 0:00:00,"News","2020"
856.00,"Kansas City defeats San Francisco, 31 - 20, in 54th Super Bowl",2020-02-02 0:00:00,"Sports","2020"
857.00,"Tampa Bay defeats Kansas City, 31 - 9, in 55th Super Bowl",2021-02-07 0:00:00,"Sports","2020"
858.00,"Actress Nichelle ""Uhura"" Nichols dies at 89",2022-07-30 0:00:00,"Obituary","2020"
859.00,"Actress Pat ""Ursala"" Carroll dies at 95",2022-07-30 0:00:00,"Obituary","2020"
860.00,"NBA legend & activist Bill Russell dies at 88",2022-07-31 0:00:00,"Obituary","2020"
861.00,"Stoneman Douglas High School shooting, 17 killed and 17 wounded",2018-02-14 0:00:00,"Massacre","2010"
862.00,"Sante Fe High School shooting wounds 13",2018-05-18 0:00:00,"Massacre","2010"
863.00,"Twenty-two murdered at Robb Elementary School shooting, 19 were children",2022-05-24 0:00:00,"Massacre","2020"
864.00,"Highland Park parade shooting kills 7 and injured dozens",2022-07-04 0:00:00,"Massacre","2020"
865.00,"Buffalo's Tops Friendly Market shooting, 10 killed and three injured",2022-05-14 0:00:00,"Massacre","2020"
866.00,"Hurrican Ian makes landfall on Gulf side of Florida",2022-09-28 0:00:00,"Weather","2020"
867.00,"Death toll for Hurrican Ian increases to 100 as searches continue",2022-10-03 0:00:00,"News","2020"
868.00,"There are 1.06 million US COVID deaths",2022-10-03 0:00:00,"Covid","2020"
869.00,"""Black Panther: Wakanda Forever"" released 4 years after the origianl film",2022-11-11 0:00:00,"Entertainment","2020"
870.00,"""Avatar: The Way of the Water"" released 13 years after the original film",2022-12-16 0:00:00,"Entertainment","2020"
871.00,"Director & writer Jordan Peele's ""Nope"" released",2022-07-22 0:00:00,"Entertainment","2020"
872.00,"Louise Fletcher, Oscar winning ""Nurse Ratched"" dies at age 88",2022-09-23 0:00:00,"Obituary","2020"
873.00,"Queen Elizabth II dies at age 96",2022-09-08 0:00:00,"Obituary","2020"
874.00,"Actor Emilio Delgado, who lived on Sesame Street as ""Luis"" for 45 years, dies at age 81",2022-03-09 0:00:00,"Obituary","2020"
875.00,"Country legend Loretta Lynn dies at age 90",2022-10-04 0:00:00,"Obituary","2020"
876.00,"Tony, Oscar & Golden Globe  winning actress Angela Lansbury dies at age 96",2022-10-11 0:00:00,"Obituary","2020"
877.00,"""Gone With the Wind"" is the  first all color movie to win Best Picture",1940-02-29 0:00:00,"Entertainment","1940"
879.00,"""Soul"" wins 93rd Academy Award's Best Animated Feature Award",2021-04-25 0:00:00,"Entertainment","2020"
881.00,"Robbie Coltrane, Hogwarts half-giant Hagrid, dies at age 72 after a lengthy illness",2022-10-14 0:00:00,"Obituary","2020"
882.00,"#6 UT beats #3 Alabama 52 - 49 after 16 straight years of losses to 'Bama",2022-10-15 0:00:00,"Sports","2022"
883.00,"Estimated cost of a new Titan stadium estimated to cost approximately $2,000,000,000",2022-10-17 0:00:00,"News","2022"
